http://www.stadtentwicklung.berlin.de/service/gesetzestexte/de/download/bauen/BauVerfVO.pdf,404
http://www.stadtentwicklung.berlin.de/service/gesetzestexte/de/download/bauen/BauOBln.pdf,404
http://www.gesetze-im-internet.de/urkbefr_bkg_haag/UrkBefr√úbkG_Haag.pdf,404
http://www.berlin.de/imperia/md/content/senatsverwaltungen/finanzen/steuern/formulare/jahresneutraleformulare/gre_st_1a_f__2011korr.pdf?start&ts=1350554719&file=gre_st_1a_f__2011korr.pdf,404
https://www.berlin.de/imperia/md/content/bamitte/sga/gruen/sondernutzungsgeb__hrenverordnung___sngebvo.pdf?start&ts=1311832596&file=sondernutzungsgeb__hrenverordnung___sngebvo.pdf,404
https://www.hwk-berlin.de/fileadmin/user_upload/Dokumente/Handwerksrolle/Antrag_auf_Eintragung.2015.pdf,404
https://www.hwk-berlin.de/fileadmin/user_upload/Dokumente/Handwerksrolle/Gewerbe/Antrag_grenzueberschreitend.pdf,404
https://www.hwk-berlin.de/fileadmin/user_upload/Dokumente/Handwerksrolle/3020_1116_Antrag_ausfuellbar.pdf,404
https://www.hwk-berlin.de/fileadmin/user_upload/Dokumente/Handwerksrolle/Antrag_auf_Eintragung.2015.pdf,404
https://www.hwk-berlin.de/fileadmin/user_upload/Dokumente/Handwerksrolle/Betriebsleitererklaerung.pdf,404
https://www.hwk-berlin.de/fileadmin/user_upload/Dokumente/Handwerksrolle/Antrag_auf_Eintragung.2015.pdf,404
https://www.hwk-berlin.de/fileadmin/user_upload/Dokumente/Handwerksrolle/Gewerbe/Antrag_grenzueberschreitend.pdf,404
https://www.hwk-berlin.de/fileadmin/user_upload/Dokumente/Handwerksrolle/3020_1116_Antrag_ausfuellbar.pdf,404
https://www.hwk-berlin.de/fileadmin/user_upload/Dokumente/Handwerksrolle/Antrag_auf_Eintragung.2015.pdf,404
https://www.hwk-berlin.de/fileadmin/user_upload/Dokumente/Handwerksrolle/Betriebsleitererklaerung.pdf,404
https://www.hwk-berlin.de/fileadmin/user_upload/Dokumente/Handwerksrolle/Antrag_auf_Eintragung.2015.pdf,404
http://www.bmjv.de/SharedDocs/Downloads/DE/Formulare/Verbraucherinsolvenzverfahren_und_Restschuldbefreiungsverfahren.pdf?__blob=publicationFile&v=2,404
http://www.schuldnerberatung-berlin.de/t3web/fileadmin/redaktion/lagsib/dokumente/Wegweiser_zum_Thema_Schulden_Stand_Juli_2015.pdf,404
http://www.aerzte-oegd.de/pdf/aktuelles/2014/140829_info_flugpassagiere_ebola.pdf,404
http://www.aerzte-oegd.de/pdf/aktuelles/2014/140829_info_flugpassagiere_ebola.pdf,404